ID,P(ppm),Sample No.,Domestication,Fertilization,Week,Harvest,Shoot_Biomass_g,Shoot_Biomass_kg,P_content
55,688.011107,15,Wild,Fertilized,5,Early_Flower,3.2168,0.0032168,2.213194129
64,672.5545333,16,Wild,Fertilized,5,Early_Flower,2.2863,0.0022863,1.537661429
85,710.4070053,17,Wild,Fertilized,5,Early_Flower,2.5718,0.0025718,1.827024736
58,1069.419749,18,Wild,Fertilized,5,Early_Flower,3.749,0.003749,4.009254639
59,871.0198606,19,Wild,Fertilized,5,Early_Flower,0.8344,0.0008344,0.726778972
46,544.6154309,39,Wild,Unfertilized,5,Early_Flower,0.9197,0.0009197,0.500882812
57,703.8132131,40,Wild,Unfertilized,5,Early_Flower,1.2482,0.0012482,0.878499653
63,641.1401423,41,Wild,Unfertilized,5,Early_Flower,1.1605,0.0011605,0.744043135
82,452.8304094,42,Wild,Unfertilized,5,Early_Flower,0.9804,0.0009804,0.443954933
70,748.2117103,43,Wild,Unfertilized,5,Early_Flower,1.2514,0.0012514,0.936312134
73,2397.897718,68,Modern,Fertilized,5,Early_Flower,3.2605,0.0032605,7.81834551
45,2020.798797,69,Modern,Fertilized,5,Early_Flower,4.8215,0.0048215,9.7432814
78,2297.6158,70,Modern,Fertilized,5,Early_Flower,4.3275,0.0043275,9.942932375
53,1962.127006,71,Modern,Fertilized,5,Early_Flower,5.1216,0.0051216,10.04922967
75,1880.798113,72,Modern,Fertilized,5,Early_Flower,1.8438,0.0018438,3.467815561
86,1782.491288,73,Modern,Fertilized,5,Early_Flower,1.801,0.001801,3.21026681
67,1054.571271,98,Modern,Unfertilized,5,Early_Flower,2.6344,0.0026344,2.778162556
81,712.5309673,99,Modern,Unfertilized,5,Early_Flower,2.3532,0.0023532,1.676727872
76,965.2749955,100,Modern,Unfertilized,5,Early_Flower,2.4727,0.0024727,2.386835481
61,1088.266296,101,Modern,Unfertilized,5,Early_Flower,2.3259,0.0023259,2.531198578
60,947.7138853,102,Modern,Unfertilized,5,Early_Flower,2.6308,0.0026308,2.493245689
83,854.5757686,103,Modern,Unfertilized,5,Early_Flower,3.2492,0.0032492,2.776687587
49,3055.203016,6,Wild,Fertilized,3,Early_Vegetative,1.6525,0.0016525,5.048722984
54,1753.225682,7,Wild,Fertilized,3,Early_Vegetative,2.0695,0.0020695,3.628300549
68,1034.363074,8,Wild,Fertilized,3,Early_Vegetative,2.1029,0.0021029,2.175162108
71,1192.770509,9,Wild,Fertilized,3,Early_Vegetative,2.4967,0.0024967,2.97799013
52,971.3383698,10,Wild,Fertilized,3,Early_Vegetative,1.291,0.001291,1.253997835
1,2332.31224,56,Modern,Fertilized,3,Early_Vegetative,3.1333,0.0031333,7.307833942
9,3250.247969,57,Modern,Fertilized,3,Early_Vegetative,1.564,0.001564,5.083387824
5,1751.590667,58,Modern,Fertilized,3,Early_Vegetative,4.3216,0.0043216,7.569674227
7,1723.618889,59,Modern,Fertilized,3,Early_Vegetative,3.6398,0.0036398,6.273628032
10,1452.034776,60,Modern,Fertilized,3,Early_Vegetative,3.0947,0.0030947,4.493612021
12,1825.608694,61,Modern,Fertilized,3,Early_Vegetative,4.161,0.004161,7.596357776
6,2195.553954,86,Modern,Unfertilized,3,Early_Vegetative,0.6213,0.0006213,1.364097672
8,1631.814799,87,Modern,Unfertilized,3,Early_Vegetative,0.7938,0.0007938,1.295334587
11,1410.886562,88,Modern,Unfertilized,3,Early_Vegetative,1.2548,0.0012548,1.770380458
4,2135.403849,89,Modern,Unfertilized,3,Early_Vegetative,0.6771,0.0006771,1.445881946
13,1777.750251,90,Modern,Unfertilized,3,Early_Vegetative,0.7251,0.0007251,1.289046707
3,1926.395556,91,Modern,Unfertilized,3,Early_Vegetative,0.8685,0.0008685,1.67307454
26,1867.106043,20,Wild,Fertilized,6,Late_Flower,5.3752,0.0053752,10.0360684
15,938.0565035,21,Wild,Fertilized,6,Late_Flower,5.3036,0.0053036,4.975076472
30,546.1895375,22,Wild,Fertilized,6,Late_Flower,3.5338,0.0035338,1.930124588
23,980.1217494,23,Wild,Fertilized,6,Late_Flower,3.3783,0.0033783,3.311145306
41,1471.004032,24,Wild,Fertilized,6,Late_Flower,4.0428,0.0040428,5.946975101
14,397.9622001,44,Wild,Unfertilized,6,Late_Flower,1.0549,0.0010549,0.419810325
43,629.2278758,45,Wild,Unfertilized,6,Late_Flower,1.1354,0.0011354,0.71442533
29,352.0781396,46,Wild,Unfertilized,6,Late_Flower,1.5874,0.0015874,0.558888839
31,793.2206441,47,Wild,Unfertilized,6,Late_Flower,1.6198,0.0016198,1.284858799
25,793.4160619,48,Wild,Unfertilized,6,Late_Flower,1.8239,0.0018239,1.447111555
2,921.6786466,49,Wild,Unfertilized,6,Late_Flower,1.5302,0.0015302,1.410352665
28,1389.804609,74,Modern,Fertilized,6,Late_Flower,4.0868,0.0040868,5.679853476
24,2474.538279,75,Modern,Fertilized,6,Late_Flower,7.6095,0.0076095,18.82999903
20,1472.432152,76,Modern,Fertilized,6,Late_Flower,3.3865,0.0033865,4.986391483
27,2392.109502,77,Modern,Fertilized,6,Late_Flower,4.3948,0.0043948,10.51284284
33,728.0595322,78,Modern,Fertilized,6,Late_Flower,4.5199,0.0045199,3.29075628
32,2328.942161,79,Modern,Fertilized,6,Late_Flower,4.5808,0.0045808,10.66841825
35,805.243531,104,Modern,Unfertilized,6,Late_Flower,3.9224,0.0039224,3.158487226
34,2137.766186,105,Modern,Unfertilized,6,Late_Flower,5.4564,0.0054564,11.66450742
37,860.9658502,106,Modern,Unfertilized,6,Late_Flower,3.0369,0.0030369,2.61466719
19,2439.371744,107,Modern,Unfertilized,6,Late_Flower,4.8121,0.0048121,11.73850077
38,767.7183937,108,Modern,Unfertilized,6,Late_Flower,3.6029,0.0036029,2.766012601
21,625.3192939,109,Modern,Unfertilized,6,Late_Flower,2.9324,0.0029324,1.833686297
16,667.1552257,110,Wild,Fertilized,6,Late_Flower,2.6533,0.0026533,1.77016296
36,708.6425578,11,Wild,Fertilized,4,Late_Vegetative,1.9957,0.0019957,1.414237953
84,879.5141875,12,Wild,Fertilized,4,Late_Vegetative,4.1002,0.0041002,3.606184072
51,865.0424493,13,Wild,Fertilized,4,Late_Vegetative,2.9419,0.0029419,2.544868382
66,751.794828,14,Wild,Fertilized,4,Late_Vegetative,2.6156,0.0026156,1.966394552
18,637.0047447,34,Wild,Unfertilized,4,Late_Vegetative,1.0405,0.0010405,0.662803437
62,583.3986565,35,Wild,Unfertilized,4,Late_Vegetative,0.8146,0.0008146,0.475236546
87,712.4410292,36,Wild,Unfertilized,4,Late_Vegetative,0.4232,0.0004232,0.301505044
90,678.6438924,37,Wild,Unfertilized,4,Late_Vegetative,0.5257,0.0005257,0.356763094
47,653.7795525,38,Wild,Unfertilized,4,Late_Vegetative,1.2085,0.0012085,0.790092589
48,2420.934204,62,Modern,Fertilized,4,Late_Vegetative,3.5193,0.0035193,8.519993744
50,2524.010235,63,Modern,Fertilized,4,Late_Vegetative,4.1876,0.0041876,10.56954526
44,1876.423007,64,Modern,Fertilized,4,Late_Vegetative,7.5239,0.0075239,14.11801906
42,1872.218942,65,Modern,Fertilized,4,Late_Vegetative,3.5573,0.0035573,6.660044442
77,2325.619771,66,Modern,Fertilized,4,Late_Vegetative,4.8741,0.0048741,11.33530333
72,2610.223634,67,Modern,Fertilized,4,Late_Vegetative,4.0787,0.0040787,10.64631914
22,1035.017193,92,Modern,Unfertilized,4,Late_Vegetative,2.0777,0.0020777,2.150455222
56,1120.769104,93,Modern,Unfertilized,4,Late_Vegetative,2.0666,0.0020666,2.31618143
17,976.9504118,94,Modern,Unfertilized,4,Late_Vegetative,2.6486,0.0026486,2.587550861
74,1007.930159,95,Modern,Unfertilized,4,Late_Vegetative,1.7392,0.0017392,1.752992133
69,939.6161912,96,Modern,Unfertilized,4,Late_Vegetative,2.0704,0.0020704,1.945381362
65,959.6688982,97,Modern,Unfertilized,4,Late_Vegetative,2.2028,0.0022028,2.113958649
94,,25,Wild,Unfertilized,2,Seedling,,,
92,,50,Modern,Fertilized,2,Seedling,,,
91,,51,Modern,Fertilized,2,Seedling,,,
95,,52,Modern,Fertilized,2,Seedling,,,
93,,53,Modern,Fertilized,2,Seedling,,,
89,,54,Modern,Fertilized,2,Seedling,,,
88,,55,Modern,Fertilized,2,Seedling,,,
